<?xml version="1.0" encoding="ISO-8859-1"?>
<control>
  
   <Parameters><!-- Input Parameters Tab Constants -->
    <MOTOR_PP>MOTOR_PP</MOTOR_PP>
    <MOTOR_PP_GAIN></MOTOR_PP_GAIN>
    <MOTOR_PP_SHIFT></MOTOR_PP_SHIFT>
    <I_MAX>I_MAX</I_MAX>
    <U_DCB_MAX>U_DCB_MAX</U_DCB_MAX>
    <U_MAX>U_MAX</U_MAX>
    <N_MAX>N_MAX</N_MAX>
    <E_MAX>E_MAX</E_MAX>
    <FREQ_MAX>FREQ_MAX</FREQ_MAX>
    <U_DCB_TRIP>U_DCB_TRIP</U_DCB_TRIP>
    <U_DCB_UNDERVOLTAGE>U_DCB_UNDERVOLTAGE</U_DCB_UNDERVOLTAGE>
    <U_DCB_OVERVOLTAGE>U_DCB_OVERVOLTAGE</U_DCB_OVERVOLTAGE>
    <N_OVERSPEED>N_OVERSPEED</N_OVERSPEED>
    <N_MIN>N_MIN</N_MIN>
    <N_NOM>N_NOM</N_NOM>
    <I_PH_NOM>I_PH_NOM</I_PH_NOM>
    <ALIGN_DURATION>ALIGN_DURATION</ALIGN_DURATION>
    <ALIGN_VOLTAGE>ALIGN_VOLTAGE</ALIGN_VOLTAGE>
    <ALIGN_CURRENT>ALIGN_CURRENT</ALIGN_CURRENT>
    <UDCB_IIR_B0>UDCB_IIR_B0</UDCB_IIR_B0>
    <UDCB_IIR_B1>UDCB_IIR_B1</UDCB_IIR_B1>
    <UDCB_IIR_A1>UDCB_IIR_A1</UDCB_IIR_A1>
  </Parameters>  
  
    <CLoop><!-- Current Control Tab Constants -->
    <CLOOP_LIMIT>CLOOP_LIMIT</CLOOP_LIMIT>
    <D_KP_GAIN>D_KP_GAIN</D_KP_GAIN>
    <D_KP_SHIFT>D_KP_SHIFT</D_KP_SHIFT>
    <D_KI_GAIN>D_KI_GAIN</D_KI_GAIN>
    <D_KI_SHIFT>D_KI_SHIFT</D_KI_SHIFT>
    <D_NSHIFT>D_NSHIFT</D_NSHIFT>
    <D_CC1SC>D_CC1SC</D_CC1SC>
    <D_CC2SC>D_CC2SC</D_CC2SC>
    <D_ZC_B0>D_B0</D_ZC_B0>
    <D_ZC_B1>D_B1</D_ZC_B1>
    <D_ZC_A1>D_A1</D_ZC_A1>
    <Q_KP_GAIN>Q_KP_GAIN</Q_KP_GAIN>
    <Q_KP_SHIFT>Q_KP_SHIFT</Q_KP_SHIFT>
    <Q_KI_GAIN>Q_KI_GAIN</Q_KI_GAIN>
    <Q_KI_SHIFT>Q_KI_SHIFT</Q_KI_SHIFT>
    <Q_NSHIFT>Q_NSHIFT</Q_NSHIFT>
    <Q_CC1SC>Q_CC1SC</Q_CC1SC>
    <Q_CC2SC>Q_CC2SC</Q_CC2SC>
    <Q_ZC_B0>Q_B0</Q_ZC_B0>
    <Q_ZC_B1>Q_B1</Q_ZC_B1>
    <Q_ZC_A1>Q_A1</Q_ZC_A1>
  </CLoop>
  
  <SLoop><!-- Speed Loop Tab Constants -->
    <SPEED_PI_PROP_GAIN>SPEED_PI_PROP_GAIN</SPEED_PI_PROP_GAIN>
    <SPEED_PI_PROP_SHIFT>SPEED_PI_PROP_SHIFT</SPEED_PI_PROP_SHIFT>
    <SPEED_PI_INTEG_GAIN>SPEED_PI_INTEG_GAIN</SPEED_PI_INTEG_GAIN>
    <SPEED_PI_INTEG_SHIFT>SPEED_PI_INTEG_SHIFT</SPEED_PI_INTEG_SHIFT>
    <SPEED_NSHIFT>SPEED_NSHIFT</SPEED_NSHIFT>
    <SPEED_CC1SC>SPEED_CC1SC</SPEED_CC1SC>
    <SPEED_CC2SC>SPEED_CC2SC</SPEED_CC2SC>
    <SPEED_LOOP_HIGH_LIMIT>SPEED_LOOP_HIGH_LIMIT</SPEED_LOOP_HIGH_LIMIT>
    <SPEED_LOOP_LOW_LIMIT>SPEED_LOOP_LOW_LIMIT</SPEED_LOOP_LOW_LIMIT>
    <SPEED_ZC_B0>SPEED_B0</SPEED_ZC_B0>
    <SPEED_ZC_B1>SPEED_B1</SPEED_ZC_B1>
    <SPEED_ZC_A1>SPEED_A1</SPEED_ZC_A1>
    <SPEED_RAMP_UP>SPEED_RAMP_UP</SPEED_RAMP_UP>
    <SPEED_RAMP_DOWN>SPEED_RAMP_DOWN</SPEED_RAMP_DOWN>
    <SPEED_LOOP_CNTR>SPEED_LOOP_CNTR</SPEED_LOOP_CNTR>
    <SPEED_LOOP_FREQ>SPEED_LOOP_FREQ</SPEED_LOOP_FREQ>
    <SPEED_FILTER_MA>POSPE_SPEED_FILTER_MA</SPEED_FILTER_MA>
    <SPEED_IIR_B0>SPEED_IIR_B0</SPEED_IIR_B0>
    <SPEED_IIR_B1>SPEED_IIR_B1</SPEED_IIR_B1>
    <SPEED_IIR_A1>SPEED_IIR_A1</SPEED_IIR_A1>
    
  </SLoop>  
  
   <PoSpe><!-- Position and Speed Tab Constants -->
   <POSPE_KP_GAIN>POSPE_KP_GAIN</POSPE_KP_GAIN>
   <POSPE_KI_GAIN>POSPE_KI_GAIN</POSPE_KI_GAIN>
   <POSPE_KP_SC>POSPE_KP_SC</POSPE_KP_SC>
   <POSPE_KI_SC>POSPE_KI_SC</POSPE_KI_SC>
   <POSPE_NSHIFT>POSPE_NSHIFT</POSPE_NSHIFT>
   <POSPE_CC1>POSPE_OBS_CC1</POSPE_CC1>
   <POSPE_CC2>POSPE_OBS_CC2</POSPE_CC2>
   <POSPE_INTEG_GAIN>POSPE_INTEG_GAIN</POSPE_INTEG_GAIN>
   <POSPE_INTEG_SC>POSPE_INTEG_SC</POSPE_INTEG_SC>
   <POSPE_EL_POS_GAIN>EL_POSITION_SCALE</POSPE_EL_POS_GAIN>
   <POSPE_MECH_POS_GAIN>ME_POSITION_SCALE</POSPE_MECH_POS_GAIN>
   <POSPE_EL_POS_SC>EL_POSITION_SCALE_SHIFT</POSPE_EL_POS_SC>
   <POSPE_MECH_POS_SC>ME_POSITION_SCALE_SHIFT</POSPE_MECH_POS_SC>
   <POSPE_RES_PP_GAIN>RES_PP_GAIN</POSPE_RES_PP_GAIN>
   <POSPE_RES_PP_SC>RES_PP_SC</POSPE_RES_PP_SC>
   <POSPE_ENC_PULSES>POSPE_ENC_PULSES</POSPE_ENC_PULSES>        
   </PoSpe>
  
  <MID><!-- Motor Identification Tab Constants -->
    <CHAR_NUMBER_OF_POINTS_BASE>CHAR_NUMBER_OF_POINTS_BASE</CHAR_NUMBER_OF_POINTS_BASE>
    <CHAR_CURRENT_POINT_NUMBERS>CHAR_CURRENT_POINT_NUMBERS</CHAR_CURRENT_POINT_NUMBERS>
    <CHAR_NUMBER_OF_POINTS_HALF>CHAR_NUMBER_OF_POINTS_HALF</CHAR_NUMBER_OF_POINTS_HALF>
    <TIME_50MS>TIME_50MS</TIME_50MS>
    <TIME_100MS>TIME_100MS</TIME_100MS>
    <TIME_300MS>TIME_300MS</TIME_300MS>
    <TIME_600MS>TIME_600MS</TIME_600MS> 
    <TIME_1200MS>TIME_1200MS</TIME_1200MS>
    <TIME_2400MS>TIME_2400MS</TIME_2400MS>
    <PWR_CHAR_CURRENT_END>PWR_CHAR_CURRENT_END</PWR_CHAR_CURRENT_END>
    <PWR_CHAR_CURRENT_INC>PWR_CHAR_CURRENT_INC</PWR_CHAR_CURRENT_INC>
    <K_RESCALE_DCB_TO_PHASE_HALF>K_RESCALE_DCB_TO_PHASE_HALF</K_RESCALE_DCB_TO_PHASE_HALF>
    <K_ANGLE_INCREMENT>K_ANGLE_INCREMENT</K_ANGLE_INCREMENT> 
    <INV_MOD_INDEX>INV_MOD_INDEX</INV_MOD_INDEX> 
    <K_I_RESCALE_LUT_SHIFT>K_I_RESCALE_LUT_SHIFT</K_I_RESCALE_LUT_SHIFT> 
    <K_I_RESCALE_LUT_GAIN>K_I_RESCALE_LUT_GAIN</K_I_RESCALE_LUT_GAIN>
    <K_I_50MA>K_I_50MA</K_I_50MA>
    
  </MID>
    
  <BemfDQ><!-- Sensorless Control Tab Constants -->
    <BEMF_DQ_TS>BEMF_DQ_TS</BEMF_DQ_TS>
    <E_SCALE>E_SCALE</E_SCALE>
    <I_SCALE>I_SCALE</I_SCALE>
    <U_SCALE>U_SCALE</U_SCALE>
    <WI_SCALE>WI_SCALE</WI_SCALE>
    <I_SCALE_SHIFT>I_SCALE_SHIFT</I_SCALE_SHIFT>
    <BEMF_DQ_KP_GAIN>BEMF_DQ_KP_GAIN</BEMF_DQ_KP_GAIN>
    <BEMF_DQ_KP_SHIFT>BEMF_DQ_KP_SHIFT</BEMF_DQ_KP_SHIFT>
    <BEMF_DQ_KI_GAIN>BEMF_DQ_KI_GAIN</BEMF_DQ_KI_GAIN>
    <BEMF_DQ_KI_SHIFT>BEMF_DQ_KI_SHIFT</BEMF_DQ_KI_SHIFT>
    <TO_KP_GAIN>TO_KP_GAIN</TO_KP_GAIN>
    <TO_KP_SHIFT>TO_KP_SHIFT</TO_KP_SHIFT>
    <TO_KI_GAIN>TO_KI_GAIN</TO_KI_GAIN>
    <TO_KI_SHIFT>TO_KI_SHIFT</TO_KI_SHIFT>
    <TO_THETA_GAIN>TO_THETA_GAIN</TO_THETA_GAIN>
    <TO_THETA_SHIFT>TO_THETA_SHIFT</TO_THETA_SHIFT>
    <TO_SPEED_IIR_B0>TO_SPEED_IIR_B0</TO_SPEED_IIR_B0>
    <TO_SPEED_IIR_B1>TO_SPEED_IIR_B1</TO_SPEED_IIR_B1>
    <TO_SPEED_IIR_A1>TO_SPEED_IIR_A1</TO_SPEED_IIR_A1>
    <OL_START_RAMP_INC>OL_START_RAMP_INC</OL_START_RAMP_INC>
    <OL_START_I>OL_START_I</OL_START_I>
    <MERG_SPEED_TRH>MERG_SPEED_TRH</MERG_SPEED_TRH>
    <MERG_COEFF>MERG_COEFF</MERG_COEFF>
  </BemfDQ>
  
  <FMscales><!-- FreeMASTER Scale Constants -->
    <FM_I_SCALE>FM_I_SCALE</FM_I_SCALE>
    <FM_U_SCALE>FM_U_SCALE</FM_U_SCALE>
    <FM_U_DCB_SCALE>FM_U_DCB_SCALE</FM_U_DCB_SCALE>
    <FM_N_SCALE>FM_N_SCALE</FM_N_SCALE>
    <FM_FREQ_SCALE>FM_FREQ_SCALE</FM_FREQ_SCALE>
    <FM_W_MEC_SCALE>FM_SPEED_RAD_MEC_SCALE</FM_W_MEC_SCALE>
    <FM_N_EL_SCALE>FM_SPEED_RPM_EL_SCALE</FM_N_EL_SCALE>
    <FM_N_MEC_SCALE>FM_SPEED_RPM_MEC_SCALE</FM_N_MEC_SCALE>
    <FM_TH_DEG_SCALE>FM_POSITION_DEG_SCALE</FM_TH_DEG_SCALE>
  </FMscales>      
  
  <CascadeCtrlStruc><!-- Cascade Control Structure Tab Constants -->
    <SCALAR_VHZ_FACTOR_GAIN>SCALAR_VHZ_FACTOR_GAIN</SCALAR_VHZ_FACTOR_GAIN>    
    <SCALAR_VHZ_FACTOR_SHIFT>SCALAR_VHZ_FACTOR_SHIFT</SCALAR_VHZ_FACTOR_SHIFT>
    <SCALAR_INTEG_GAIN>SCALAR_INTEG_GAIN</SCALAR_INTEG_GAIN>    
    <SCALAR_INTEG_SHIFT>SCALAR_INTEG_SHIFT</SCALAR_INTEG_SHIFT>
    <SCALAR_RAMP_UP>SCALAR_RAMP_UP</SCALAR_RAMP_UP>    
    <SCALAR_RAMP_DOWN>SCALAR_RAMP_DOWN</SCALAR_RAMP_DOWN>
  </CascadeCtrlStruc>

</control>
            
